marca;produto;preco;avaliacao;link
MAX TITANIUM;Max Titanium Top Whey 3w - Mais Performance - 1,8kg - Sabor Baunilha;325.56;4.8;#
Sem marca;Max Titanium Top Whey 3w Mais Performance 1,8kg sabor Chocolate;271.5;4.8;#
Sem marca;Max Titanium Top Whey 3w  Mais Performance  1,8kg  Sabor Morango;263.72;4.8;#
EQUALIV;Body Protein Equaliv 600g Frutas Vermelhas 100% Proteina Isolada;207.29;4.8;#
Sem marca;Whey Protein Isolado Iso Blend Complex 2kg Xpro Sabor Chocolate;190.71;4.4;#
TRUE SOURCE;True Protein 100% Whey Concentrado Isolado 874g True Source Sabor Vanilla ice cream;268.96;4.6;#
Sem marca;Best Whey Protein Achocolatado Toddy 900g;248.75;4.8;#
Sem marca;Pretorian Suplemento Whey Protein isolado Iso Protein Blend Complex proteínas Iso sabor morango pote de 2kg em po;190.71;4.4;#
Sem marca;Suplemento em pó Integralmédica  ISO Triple Zero Sabor chocolate em pote de 907g;184.04;4.8;#
Sem marca;Whey Protein Gourmet 907g Cookies Cream Sabor Cookies & Cream;39.9;4.6;#
Sem marca;Isolate Prime Whey 900g - Sabor Chocolate - Body Action;153.6;4.6;#
SOLDIERS NUTRITION;Whey Blend Protein Concentrado e Isolado 900g Sabor Morango Soldiers Nutrition;78.9;4.1;#
Sem marca;Kit 2 Suplemento Whey Protein Isolado Iso Protein Blend Complex Xpro Pó sabor baunilha Pote de 2kg;350.99;4.4;#
FN FORBIS;Suplemento en pó FN Forbis Proteínas sabor iogurte com coco x 907g;38.72;4.7;#
Sem marca;Isofort Vitafor Sabor Baunilha 900g;299.2;4.8;#
Sem marca;Isolate Prime Whey 900g - Sabor Morango - Body Action;150.0;4.7;#
Sem marca;Cloreto De Magnésio Pa Caixa C/ 10 Sachês De 33g - Meissen Sabor Característico;50.6;4.8;#
Sem marca;Whey Protein 100% Baunilha 2100g;159.39;4.7;#
Sem marca;Isolate Definition 1,8kg Bodyaction Sabor Chocolate;150.0;4.7;#
Sem marca;Suplemento Em Pó Whey Hidrolisado E Isolado Gourmet 907g Sabor Banoffee;40.92;4.7;#
Sem marca;Whey Protein Isofort Neutro 900g - Vitafor;440.5;4.8;#
Sem marca;Top Whey 3w Mais Performance 900g Max Titanium Sabor Baunilha;159.9;4.8;#
Sem marca;Proteína da Ervilha Sabor Morango em Sachê de 900g Suplemento em Pó NewNutrition Pea Protein Vegetal 100% Vegano e Natural;139.9;4.5;#
INTEGRALMÉDICA;Whey Protein Isolado Iso Triple Zero Morango Pote 900g Integralmedica;184.04;4.8;#
Sem marca;Whey Protein Isolado Iso Blend Complex 2kg Xpro Sabor Banana;190.71;4.4;#
FN FORBIS;Suplemento Em Pó Fn Forbis Whey Gourmet Proteínas Sabor Mousse De Maracujá;38.72;4.7;#
Sem marca;Atlhetica Nutrition Best Whey en pote sabor original 900g;173.99;4.8;#
Sem marca;Gold Standard 100% Whey Protein 2,27kg Optimum Nutrition Sabor Double Rich Chocolate;527.87;4.8;#
Sem marca;Femini Whey Protein ( Mulher ) - Max Titanium - 900g Sabor Chocolate;114.9;4.7;#
TRUE SOURCE;Suplemento Alimentar em Pó True Whey Hidrolisado e Isolado True Source Sabor Fior Di Latte 837g;272.93;5.0;#
EQUALIV;Body Protein Equaliv 600g Cacau. Sabor Cacau;195.9;4.8;#
Sem marca;Whey Isolate Definition - 900g Chocolate - Body Action;102.0;4.6;#
Sem marca;Whey 100% Pure Baunilha 900g - Integralmedica;136.9;4.8;#
TRUE SOURCE;True Whey Protein - Coconut Ice Cream - 837g - True Source;272.93;4.8;#
Sem marca;Albumina Desidratada 500g Sabor Chocolate - Proteína Pura;37.0;4.7;#
Sem marca;Whey Fort 3w Sabor Neutro Pote 900g Pó Vitafor;298.73;4.8;#
BODYACTION;Bodyaction Isolate Definition 1,8kg Baunilha;146.31;4.7;#
Sem marca;Whey Protein Dux Isolado 900g Pote - Chocolate Branco;249.99;4.8;#
MAX TITANIUM;Suplemento en pó Max Titanium Proteínas sabor chocolate x 900g;227.32;4.8;#
Sem marca;Vegan Protein Veggie 450g - Essential Nutrition Sabor Cacau;264.6;4.8;#
Sem marca;True Vegan True Whey True Source Proteína Vegana Suplemento Sabor Chocolate Com Avelã 837g;188.93;4.6;#
INFINITY LABS;Whey 5w (contem Proteína Isolada) 2kg - Infinity Labs Wey Sabor Baunilha;78.5;4.0;#
Sem marca;Kit 2 Suplementos Whey Protein Isolado Iso Protein Blend Complex xpro Sabor Chocolate 2kg;350.99;4.4;#
PURA VIDA;Suplemento en pó Pura Vida Proteínas Whey Protein Isolado sabor neutro x 450g;168.47;4.7;#
Sem marca;Top Whey 3w Mais Performance 900g Max Titanium Sabor Chocolate;159.9;4.8;#
MAX TITANIUM;Termogenico Fire White 60 Cáps - Max Titanium;35.8;4.7;#
XPRO NUTRITION;Whey Protein Iso-x 900g Xpro Nutrition Sabor Morango Proteína Isolada;78.8;4.4;#
FTW;Delicious 3 Whey Proteína Hidrolisada Concentrada E Isolada Pote 900g Sabor Doce de Leite Argentino - FTW;169.68;4.6;#
Sem marca;Suplemento en pó Optimum Nutrition Proteína Proteína sabor chocolate branco x 2.27kg;549.0;4.8;#
Sem marca;Whey Isolado Isofreak 900g Sabor: Cookies And Cream - Fórmula Avançada Com 23g De Proteína Por Dose;98.99;4.4;#
MAX TITANIUM;Max Titanium Top Whey 3w - Mais Performance - 1,8kg - Sabor Baunilha;325.56;4.8;#
Sem marca;Max Titanium Top Whey 3w Mais Performance 1,8kg sabor Chocolate;271.5;4.8;#
Sem marca;Max Titanium Top Whey 3w  Mais Performance  1,8kg  Sabor Morango;263.72;4.8;#
EQUALIV;Body Protein Equaliv 600g Frutas Vermelhas 100% Proteina Isolada;207.29;4.8;#
Sem marca;Whey Protein Isolado Iso Blend Complex 2kg Xpro Sabor Chocolate;190.71;4.4;#
TRUE SOURCE;True Protein 100% Whey Concentrado Isolado 874g True Source Sabor Vanilla ice cream;268.96;4.6;#
Sem marca;Best Whey Protein Achocolatado Toddy 900g;248.75;4.8;#
Sem marca;Pretorian Suplemento Whey Protein isolado Iso Protein Blend Complex proteínas Iso sabor morango pote de 2kg em po;190.71;4.4;#
Sem marca;Suplemento em pó Integralmédica  ISO Triple Zero Sabor chocolate em pote de 907g;184.04;4.8;#
Sem marca;Whey Protein Gourmet 907g Cookies Cream Sabor Cookies & Cream;39.9;4.6;#
Sem marca;Isolate Prime Whey 900g - Sabor Chocolate - Body Action;151.8;4.6;#
SOLDIERS NUTRITION;Whey Blend Protein Concentrado e Isolado 900g Sabor Morango Soldiers Nutrition;78.9;4.1;#
Sem marca;Kit 2 Suplemento Whey Protein Isolado Iso Protein Blend Complex Xpro Pó sabor baunilha Pote de 2kg;350.99;4.4;#
FN FORBIS;Suplemento en pó FN Forbis Proteínas sabor iogurte com coco x 907g;38.72;4.7;#
Sem marca;Isofort Vitafor Sabor Baunilha 900g;299.2;4.8;#
DUX NUTRITION;Fresh Whey Chocolate E Avelã Pote 900g Sabor Chocolate Belga e Avelã Dux Nutrition;299.9;4.8;#
Sem marca;Isolate Prime Whey 900g - Sabor Morango - Body Action;150.0;4.7;#
Sem marca;Cloreto De Magnésio Pa Caixa C/ 10 Sachês De 33g - Meissen Sabor Característico;50.6;4.8;#
Sem marca;Whey Protein 100% Baunilha 2100g;159.39;4.7;#
Sem marca;Isolate Definition 1,8kg Bodyaction Sabor Chocolate;150.0;4.7;#
Sem marca;Suplemento Em Pó Whey Hidrolisado E Isolado Gourmet 907g Sabor Banoffee;40.92;4.7;#
Sem marca;Whey Protein Isofort Neutro 900g - Vitafor;440.5;4.8;#
Sem marca;Top Whey 3w Mais Performance 900g Max Titanium Sabor Baunilha;159.9;4.8;#
Sem marca;Proteína da Ervilha Sabor Morango em Sachê de 900g Suplemento em Pó NewNutrition Pea Protein Vegetal 100% Vegano e Natural;139.9;4.5;#
INTEGRALMÉDICA;Whey Protein Isolado Iso Triple Zero Morango Pote 900g Integralmedica;184.04;4.8;#
Sem marca;Whey Protein Isolado Iso Blend Complex 2kg Xpro Sabor Banana;190.71;4.4;#
FN FORBIS;Suplemento Em Pó Fn Forbis Whey Gourmet Proteínas Sabor Mousse De Maracujá;38.72;4.7;#
Sem marca;Atlhetica Nutrition Best Whey en pote sabor original 900g;173.99;4.8;#
Sem marca;Gold Standard 100% Whey Protein 2,27kg Optimum Nutrition Sabor Double Rich Chocolate;527.87;4.8;#
Sem marca;Femini Whey Protein ( Mulher ) - Max Titanium - 900g Sabor Chocolate;114.9;4.7;#
Sem marca;Suplemento Alimentar em Pó True Whey Hidrolisado e Isolado True Source Sabor Fior Di Latte 837g;331.12;5.0;#
Sem marca;Body Protein Equaliv 600g Cacau. Sabor Cacau;272.23;4.8;#
Sem marca;Whey Isolate Definition - 900g Chocolate - Body Action;102.0;4.6;#
Sem marca;Whey 100% Pure Baunilha 900g - Integralmedica;136.9;4.8;#
TRUE SOURCE;True Whey Protein - Coconut Ice Cream - 837g - True Source;272.93;4.8;#
Sem marca;Albumina Desidratada 500g Sabor Chocolate - Proteína Pura;37.0;4.7;#
Sem marca;Whey Fort 3w Sabor Neutro Pote 900g Pó Vitafor;298.73;4.8;#
BODYACTION;Bodyaction Isolate Definition 1,8kg Baunilha;146.31;4.7;#
Sem marca;Whey Protein Dux Isolado 900g Pote - Chocolate Branco;249.99;4.8;#
MAX TITANIUM;Suplemento en pó Max Titanium Proteínas sabor chocolate x 900g;227.32;4.8;#
Sem marca;Vegan Protein Veggie 450g - Essential Nutrition Sabor Cacau;264.6;4.8;#
Sem marca;True Vegan True Whey True Source Proteína Vegana Suplemento Sabor Chocolate Com Avelã 837g;188.93;4.6;#
INFINITY LABS;Whey 5w (contem Proteína Isolada) 2kg - Infinity Labs Wey Sabor Baunilha;78.5;4.0;#
Sem marca;Kit 2 Suplementos Whey Protein Isolado Iso Protein Blend Complex xpro Sabor Chocolate 2kg;350.99;4.4;#
PURA VIDA;Suplemento en pó Pura Vida Proteínas Whey Protein Isolado sabor neutro x 450g;168.47;4.7;#
Sem marca;Top Whey 3w Mais Performance 900g Max Titanium Sabor Chocolate;159.9;4.8;#
MAX TITANIUM;Termogenico Fire White 60 Cáps - Max Titanium;35.8;4.7;#
XPRO NUTRITION;Whey Protein Iso-x 900g Xpro Nutrition Sabor Morango Proteína Isolada;78.8;4.4;#
FTW;Delicious 3 Whey Proteína Hidrolisada Concentrada E Isolada Pote 900g Sabor Doce de Leite Argentino - FTW;169.68;4.6;#
Sem marca;Suplemento en pó Optimum Nutrition Proteína Proteína sabor chocolate branco x 2.27kg;549.0;4.8;#
Sem marca;Kit 2 Suplemento Whey Protein Isolado Iso Protein Blend Complex Xpro Pó sabor baunilha Pote de 2kg;350.99;4.4;#
Sem marca;Whey Protein Isolado Iso Blend Complex 2kg Xpro Sabor Chocolate;190.71;4.4;#
Sem marca;Max Titanium Top Whey 3w - Mais Performance - 1,8kg - Sabor Baunilha;379.9;4.8;#
Sem marca;Max Titanium Top Whey 3w Mais Performance 1,8kg sabor Chocolate;271.5;4.8;#
Sem marca;Max Titanium Top Whey 3w  Mais Performance  1,8kg  Sabor Morango;263.72;4.8;#
TRUE SOURCE;True Whey Protein - Coconut Ice Cream - 837g - True Source;272.93;4.8;#
ESPARTANOS;Kit 2x Suplemento Em Pó Whey Protein Isolado Iso X 1800g Sabor Baunilha;279.9;4.4;#
EQUALIV;Body Protein Equaliv 600g Frutas Vermelhas 100% Proteina Isolada;207.29;4.8;#
Sem marca;Whey Protein Isolado Iso Blend Complex 2kg Xpro Sabor Chocolate;190.71;4.4;#
TRUE SOURCE;True Protein 100% Whey Concentrado Isolado 874g True Source Sabor Vanilla ice cream;268.96;4.6;#
Sem marca;Best Whey Protein Achocolatado Toddy 900g;248.75;4.8;#
Sem marca;Pretorian Suplemento Whey Protein isolado Iso Protein Blend Complex proteínas Iso sabor morango pote de 2kg em po;190.71;4.4;#
Sem marca;Suplemento em pó Integralmédica  ISO Triple Zero Sabor chocolate em pote de 907g;184.04;4.8;#
Sem marca;Whey Protein Gourmet 907g Cookies Cream Sabor Cookies & Cream;39.9;4.6;#
Sem marca;Isolate Prime Whey 900g - Sabor Chocolate - Body Action;153.6;4.6;#
SOLDIERS NUTRITION;Whey Blend Protein Concentrado e Isolado 900g Sabor Morango Soldiers Nutrition;78.9;4.1;#
PROFIT LABORATÓRIOS;Suplemento en pó ProFit Laboratórios Proteínas sabor baunilha x 900g;68.9;4.6;#
SOLDIERS NUTRITION;Whey Blend Protein Concentrado e Isolado 900g Sabor Morango Soldiers Nutrition;78.9;4.1;#
Sem marca;Kit 2 Suplemento Whey Protein Isolado Iso Protein Blend Complex Xpro Pó sabor baunilha Pote de 2kg;350.99;4.4;#
FN FORBIS;Suplemento en pó FN Forbis Proteínas sabor iogurte com coco x 907g;38.72;4.7;#
Sem marca;Isofort Vitafor Sabor Baunilha 900g;299.2;4.8;#
DUX NUTRITION;Fresh Whey Chocolate E Avelã Pote 900g Sabor Chocolate Belga e Avelã Dux Nutrition;299.9;4.8;#
Sem marca;Isolate Prime Whey 900g - Sabor Morango - Body Action;150.0;4.7;#
Sem marca;Cloreto De Magnésio Pa Caixa C/ 10 Sachês De 33g - Meissen Sabor Característico;50.6;4.8;#
Sem marca;Whey Protein 100% Baunilha 2100g;159.39;4.7;#
ESPARTANOS;Combo Duplo Whey Fusion + 2x Bcaa + 2x Creatina + Shaker;179.9;4.5;#
GIANTS NUTRITION;Pure Whey 2kg Concentrado E Isolado 24g Protein Giants;175.9;4.8;#
Sem marca;Isolate Definition 1,8kg Bodyaction Sabor Chocolate;150.0;4.7;#
Sem marca;Suplemento Em Pó Whey Hidrolisado E Isolado Gourmet 907g Sabor Banoffee;40.92;4.7;#
Sem marca;Whey Protein Isofort Neutro 900g - Vitafor;440.5;4.8;#
Sem marca;Top Whey 3w Mais Performance 900g Max Titanium Sabor Baunilha;159.9;4.8;#
Sem marca;Proteína da Ervilha Sabor Morango em Sachê de 900g Suplemento em Pó NewNutrition Pea Protein Vegetal 100% Vegano e Natural;139.9;4.5;#
INTEGRALMÉDICA;Whey Protein Isolado Iso Triple Zero Morango Pote 900g Integralmedica;184.04;4.8;#
Sem marca;Whey Protein Isolado Iso Blend Complex 2kg Xpro Sabor Banana;190.71;4.4;#
FN FORBIS;Suplemento Em Pó Fn Forbis Whey Gourmet Proteínas Sabor Mousse De Maracujá;38.72;4.7;#
Sem marca;Atlhetica Nutrition Best Whey en pote sabor original 900g;173.99;4.8;#
Sem marca;Gold Standard 100% Whey Protein 2,27kg Optimum Nutrition Sabor Double Rich Chocolate;533.45;4.8;#
Sem marca;Femini Whey Protein ( Mulher ) - Max Titanium - 900g Sabor Chocolate;114.9;4.7;#
TRUE SOURCE;Suplemento Alimentar em Pó True Whey Hidrolisado e Isolado True Source Sabor Fior Di Latte 837g;272.93;5.0;#
Sem marca;Body Protein Equaliv 600g Cacau. Sabor Cacau;272.23;4.8;#
Sem marca;Whey Isolate Definition - 900g Chocolate - Body Action;102.0;4.6;#
Sem marca;Whey 100% Pure Baunilha 900g - Integralmedica;136.9;4.8;#
TRUE SOURCE;True Whey Protein - Coconut Ice Cream - 837g - True Source;272.93;4.8;#
Sem marca;Albumina Desidratada 500g Sabor Chocolate - Proteína Pura;37.0;4.7;#
Sem marca;Whey Fort 3w Sabor Neutro Pote 900g Pó Vitafor;298.73;4.8;#
BODYACTION;Bodyaction Isolate Definition 1,8kg Baunilha;146.31;4.7;#
Sem marca;Whey Protein Dux Isolado 900g Pote - Chocolate Branco;249.99;4.8;#
MAX TITANIUM;Suplemento en pó Max Titanium Proteínas sabor chocolate x 900g;227.32;4.8;#
Sem marca;Vegan Protein Veggie 450g - Essential Nutrition Sabor Cacau;264.6;4.8;#
Sem marca;True Vegan True Whey True Source Proteína Vegana Suplemento Sabor Chocolate Com Avelã 837g;188.93;4.6;#
INFINITY LABS;Whey 5w (contem Proteína Isolada) 2kg - Infinity Labs Wey Sabor Baunilha;78.5;4.0;#
Sem marca;Kit 2 Suplementos Whey Protein Isolado Iso Protein Blend Complex xpro Sabor Chocolate 2kg;350.99;4.4;#
PURA VIDA;Suplemento en pó Pura Vida Proteínas Whey Protein Isolado sabor neutro x 450g;168.47;4.7;#
Sem marca;Top Whey 3w Mais Performance 900g Max Titanium Sabor Chocolate;159.9;4.8;#
MAX TITANIUM;Termogenico Fire White 60 Cáps - Max Titanium;35.8;4.7;#
XPRO NUTRITION;Whey Protein Iso-x 900g Xpro Nutrition Sabor Morango Proteína Isolada;78.8;4.4;#
FTW;Delicious 3 Whey Proteína Hidrolisada Concentrada E Isolada Pote 900g Sabor Doce de Leite Argentino - FTW;169.68;4.6;#
Sem marca;Suplemento en pó Optimum Nutrition Proteína Proteína sabor chocolate branco x 2.27kg;549.0;4.8;#
MAX TITANIUM;Max Titanium Top Whey 3w - Mais Performance - 1,8kg - Sabor Baunilha;325.56;4.8;#
Sem marca;Max Titanium Top Whey 3w Mais Performance 1,8kg sabor Chocolate;271.5;4.8;#
Sem marca;Max Titanium Top Whey 3w  Mais Performance  1,8kg  Sabor Morango;263.72;4.8;#
EQUALIV;Body Protein Equaliv 600g Frutas Vermelhas 100% Proteina Isolada;207.29;4.8;#
Sem marca;Whey Protein Isolado Iso Blend Complex 2kg Xpro Sabor Chocolate;190.71;4.4;#
TRUE SOURCE;True Protein 100% Whey Concentrado Isolado 874g True Source Sabor Vanilla ice cream;268.96;4.6;#
Sem marca;Best Whey Protein Achocolatado Toddy 900g;248.75;4.8;#
Sem marca;Pretorian Suplemento Whey Protein isolado Iso Protein Blend Complex proteínas Iso sabor morango pote de 2kg em po;190.71;4.4;#
Sem marca;Suplemento em pó Integralmédica  ISO Triple Zero Sabor chocolate em pote de 907g;184.04;4.8;#
Sem marca;Whey Protein Gourmet 907g Cookies Cream Sabor Cookies & Cream;39.9;4.6;#
Sem marca;Isolate Prime Whey 900g - Sabor Chocolate - Body Action;151.8;4.6;#
SOLDIERS NUTRITION;Whey Blend Protein Concentrado e Isolado 900g Sabor Morango Soldiers Nutrition;78.9;4.1;#
Sem marca;Kit 2 Suplemento Whey Protein Isolado Iso Protein Blend Complex Xpro Pó sabor baunilha Pote de 2kg;350.99;4.4;#
FN FORBIS;Suplemento en pó FN Forbis Proteínas sabor iogurte com coco x 907g;38.72;4.7;#
Sem marca;Isofort Vitafor Sabor Baunilha 900g;299.2;4.8;#
DUX NUTRITION;Fresh Whey Chocolate E Avelã Pote 900g Sabor Chocolate Belga e Avelã Dux Nutrition;299.9;4.8;#
Sem marca;Isolate Prime Whey 900g - Sabor Morango - Body Action;150.0;4.7;#
Sem marca;Cloreto De Magnésio Pa Caixa C/ 10 Sachês De 33g - Meissen Sabor Característico;50.6;4.8;#
Sem marca;Whey Protein 100% Baunilha 2100g;159.39;4.7;#
Sem marca;Isolate Definition 1,8kg Bodyaction Sabor Chocolate;150.0;4.7;#
Sem marca;Suplemento Em Pó Whey Hidrolisado E Isolado Gourmet 907g Sabor Banoffee;40.92;4.7;#
Sem marca;Whey Protein Isofort Neutro 900g - Vitafor;440.5;4.8;#
Sem marca;Top Whey 3w Mais Performance 900g Max Titanium Sabor Baunilha;159.9;4.8;#
Sem marca;Proteína da Ervilha Sabor Morango em Sachê de 900g Suplemento em Pó NewNutrition Pea Protein Vegetal 100% Vegano e Natural;139.9;4.5;#
INTEGRALMÉDICA;Whey Protein Isolado Iso Triple Zero Morango Pote 900g Integralmedica;184.04;4.8;#
Sem marca;Whey Protein Isolado Iso Blend Complex 2kg Xpro Sabor Banana;190.71;4.4;#
FN FORBIS;Suplemento Em Pó Fn Forbis Whey Gourmet Proteínas Sabor Mousse De Maracujá;38.72;4.7;#
Sem marca;Atlhetica Nutrition Best Whey en pote sabor original 900g;173.99;4.8;#
Sem marca;Gold Standard 100% Whey Protein 2,27kg Optimum Nutrition Sabor Double Rich Chocolate;533.45;4.8;#
Sem marca;Femini Whey Protein ( Mulher ) - Max Titanium - 900g Sabor Chocolate;114.9;4.7;#
TRUE SOURCE;Suplemento Alimentar em Pó True Whey Hidrolisado e Isolado True Source Sabor Fior Di Latte 837g;272.93;5.0;#
Sem marca;Body Protein Equaliv 600g Cacau. Sabor Cacau;272.23;4.8;#
Sem marca;Whey Isolate Definition - 900g Chocolate - Body Action;102.0;4.6;#
Sem marca;Whey 100% Pure Baunilha 900g - Integralmedica;136.9;4.8;#
TRUE SOURCE;True Whey Protein - Coconut Ice Cream - 837g - True Source;272.93;4.8;#
Sem marca;Albumina Desidratada 500g Sabor Chocolate - Proteína Pura;37.0;4.7;#
Sem marca;Whey Fort 3w Sabor Neutro Pote 900g Pó Vitafor;298.73;4.8;#
BODYACTION;Bodyaction Isolate Definition 1,8kg Baunilha;146.31;4.7;#
Sem marca;Whey Protein Dux Isolado 900g Pote - Chocolate Branco;249.99;4.8;#
MAX TITANIUM;Suplemento en pó Max Titanium Proteínas sabor chocolate x 900g;227.32;4.8;#
Sem marca;Vegan Protein Veggie 450g - Essential Nutrition Sabor Cacau;264.6;4.8;#
Sem marca;True Vegan True Whey True Source Proteína Vegana Suplemento Sabor Chocolate Com Avelã 837g;188.93;4.6;#
INFINITY LABS;Whey 5w (contem Proteína Isolada) 2kg - Infinity Labs Wey Sabor Baunilha;78.5;4.0;#
Sem marca;Kit 2 Suplementos Whey Protein Isolado Iso Protein Blend Complex xpro Sabor Chocolate 2kg;350.99;4.4;#
PURA VIDA;Suplemento en pó Pura Vida Proteínas Whey Protein Isolado sabor neutro x 450g;168.47;4.7;#
Sem marca;Top Whey 3w Mais Performance 900g Max Titanium Sabor Chocolate;159.9;4.8;#
MAX TITANIUM;Termogenico Fire White 60 Cáps - Max Titanium;35.8;4.7;#
XPRO NUTRITION;Whey Protein Iso-x 900g Xpro Nutrition Sabor Morango Proteína Isolada;78.8;4.4;#
FTW;Delicious 3 Whey Proteína Hidrolisada Concentrada E Isolada Pote 900g Sabor Doce de Leite Argentino - FTW;169.68;4.6;#
Sem marca;Suplemento en pó Optimum Nutrition Proteína Proteína sabor chocolate branco x 2.27kg;549.0;4.8;#
MAX TITANIUM;Max Titanium Top Whey 3w - Mais Performance - 1,8kg - Sabor Baunilha;325.56;4.8;#
Sem marca;Max Titanium Top Whey 3w Mais Performance 1,8kg sabor Chocolate;271.5;4.8;#
Sem marca;Max Titanium Top Whey 3w  Mais Performance  1,8kg  Sabor Morango;263.72;4.8;#
EQUALIV;Body Protein Equaliv 600g Frutas Vermelhas 100% Proteina Isolada;207.29;4.8;#
Sem marca;Whey Protein Isolado Iso Blend Complex 2kg Xpro Sabor Chocolate;190.71;4.4;#
TRUE SOURCE;True Protein 100% Whey Concentrado Isolado 874g True Source Sabor Vanilla ice cream;268.96;4.6;#
Sem marca;Best Whey Protein Achocolatado Toddy 900g;248.75;4.8;#
Sem marca;Pretorian Suplemento Whey Protein isolado Iso Protein Blend Complex proteínas Iso sabor morango pote de 2kg em po;190.71;4.4;#
Sem marca;Suplemento em pó Integralmédica  ISO Triple Zero Sabor chocolate em pote de 907g;184.04;4.8;#
Sem marca;Whey Protein Gourmet 907g Cookies Cream Sabor Cookies & Cream;39.9;4.6;#
Sem marca;Isolate Prime Whey 900g - Sabor Chocolate - Body Action;151.8;4.6;#
SOLDIERS NUTRITION;Whey Blend Protein Concentrado e Isolado 900g Sabor Morango Soldiers Nutrition;78.9;4.1;#
Sem marca;Kit 2 Suplemento Whey Protein Isolado Iso Protein Blend Complex Xpro Pó sabor baunilha Pote de 2kg;350.99;4.4;#
FN FORBIS;Suplemento en pó FN Forbis Proteínas sabor iogurte com coco x 907g;38.72;4.7;#
Sem marca;Isofort Vitafor Sabor Baunilha 900g;299.2;4.8;#
DUX NUTRITION;Fresh Whey Chocolate E Avelã Pote 900g Sabor Chocolate Belga e Avelã Dux Nutrition;299.9;4.8;#
Sem marca;Isolate Prime Whey 900g - Sabor Morango - Body Action;150.0;4.7;#
Sem marca;Cloreto De Magnésio Pa Caixa C/ 10 Sachês De 33g - Meissen Sabor Característico;50.6;4.8;#
Sem marca;Whey Protein 100% Baunilha 2100g;149.61;4.7;#
Sem marca;Isolate Definition 1,8kg Bodyaction Sabor Chocolate;150.0;4.7;#
Sem marca;Suplemento Em Pó Whey Hidrolisado E Isolado Gourmet 907g Sabor Banoffee;40.92;4.7;#
Sem marca;Whey Protein Isofort Neutro 900g - Vitafor;440.5;4.8;#
Sem marca;Top Whey 3w Mais Performance 900g Max Titanium Sabor Baunilha;159.9;4.8;#
Sem marca;Proteína da Ervilha Sabor Morango em Sachê de 900g Suplemento em Pó NewNutrition Pea Protein Vegetal 100% Vegano e Natural;139.9;4.5;#
INTEGRALMÉDICA;Whey Protein Isolado Iso Triple Zero Morango Pote 900g Integralmedica;184.04;4.8;#
Sem marca;Whey Protein Isolado Iso Blend Complex 2kg Xpro Sabor Banana;190.71;4.4;#
FN FORBIS;Suplemento Em Pó Fn Forbis Whey Gourmet Proteínas Sabor Mousse De Maracujá;38.72;4.7;#
Sem marca;Atlhetica Nutrition Best Whey en pote sabor original 900g;173.99;4.8;#
Sem marca;Gold Standard 100% Whey Protein 2,27kg Optimum Nutrition Sabor Double Rich Chocolate;533.45;4.8;#
Sem marca;Femini Whey Protein ( Mulher ) - Max Titanium - 900g Sabor Chocolate;114.9;4.7;#
TRUE SOURCE;Suplemento Alimentar em Pó True Whey Hidrolisado e Isolado True Source Sabor Fior Di Latte 837g;272.93;5.0;#
Sem marca;Body Protein Equaliv 600g Cacau. Sabor Cacau;272.23;4.8;#
Sem marca;Whey Isolate Definition - 900g Chocolate - Body Action;102.0;4.6;#
Sem marca;Whey 100% Pure Baunilha 900g - Integralmedica;136.9;4.8;#
TRUE SOURCE;True Whey Protein - Coconut Ice Cream - 837g - True Source;272.93;4.8;#
Sem marca;Albumina Desidratada 500g Sabor Chocolate - Proteína Pura;37.0;4.7;#
Sem marca;Whey Fort 3w Sabor Neutro Pote 900g Pó Vitafor;298.73;4.8;#
BODYACTION;Bodyaction Isolate Definition 1,8kg Baunilha;146.31;4.7;#
Sem marca;Whey Protein Dux Isolado 900g Pote - Chocolate Branco;249.99;4.8;#
MAX TITANIUM;Suplemento en pó Max Titanium Proteínas sabor chocolate x 900g;227.32;4.8;#
ESSENTIAL;Vegan Protein Veggie 450g - Essential Nutrition Sabor Cacau;264.6;4.8;#
Sem marca;True Vegan True Whey True Source Proteína Vegana Suplemento Sabor Chocolate Com Avelã 837g;188.93;4.6;#
INFINITY LABS;Whey 5w (contem Proteína Isolada) 2kg - Infinity Labs Wey Sabor Baunilha;78.5;4.0;#
Sem marca;Kit 2 Suplementos Whey Protein Isolado Iso Protein Blend Complex xpro Sabor Chocolate 2kg;350.99;4.4;#
PURA VIDA;Suplemento en pó Pura Vida Proteínas Whey Protein Isolado sabor neutro x 450g;168.47;4.7;#
Sem marca;Top Whey 3w Mais Performance 900g Max Titanium Sabor Chocolate;159.9;4.8;#
MAX TITANIUM;Termogenico Fire White 60 Cáps - Max Titanium;35.8;4.7;#
XPRO NUTRITION;Whey Protein Iso-x 900g Xpro Nutrition Sabor Morango Proteína Isolada;78.8;4.4;#
FTW;Delicious 3 Whey Proteína Hidrolisada Concentrada E Isolada Pote 900g Sabor Doce de Leite Argentino - FTW;169.68;4.6;#
Sem marca;Suplemento en pó Optimum Nutrition Proteína Proteína sabor chocolate branco x 2.27kg;549.0;4.8;#
